{
  "21": {
    "0": {
      "sensitivity": 1.0,
      "specificity": 1.0,
      "f1": 1.0,
      "precision": 1.0,
      "n_samples": 32,
      "n_positive": 6,
      "n_predicted_positive": 6,
      "auroc": 1.0,
      "threshold": 0.7900000000000001
    },
    "5": {
      "sensitivity": 1.0,
      "specificity": 0.6666666666666666,
      "f1": 0.5,
      "precision": 0.3333333333333333,
      "n_samples": 28,
      "n_positive": 4,
      "n_predicted_positive": 12,
      "auroc": 0.8958333333333333,
      "threshold": 0.6800000000000002
    },
    "10": {
      "sensitivity": 1.0,
      "specificity": 0.6666666666666666,
      "f1": 0.2222222222222222,
      "precision": 0.125,
      "n_samples": 22,
      "n_positive": 1,
      "n_predicted_positive": 8,
      "auroc": 1.0,
      "threshold": 0.5400000000000001
    }
  },
  "22": {
    "0": {
      "sensitivity": 1.0,
      "specificity": 0.9615384615384616,
      "f1": 0.9230769230769231,
      "precision": 0.8571428571428571,
      "n_samples": 32,
      "n_positive": 6,
      "n_predicted_positive": 7,
      "auroc": 1.0,
      "threshold": 0.7200000000000002
    },
    "5": {
      "sensitivity": 1.0,
      "specificity": 0.16666666666666666,
      "f1": 0.2857142857142857,
      "precision": 0.16666666666666666,
      "n_samples": 28,
      "n_positive": 4,
      "n_predicted_positive": 24,
      "auroc": 0.8229166666666666,
      "threshold": 0.5700000000000002
    },
    "10": {
      "sensitivity": 1.0,
      "specificity": 0.8095238095238095,
      "f1": 0.3333333333333333,
      "precision": 0.2,
      "n_samples": 22,
      "n_positive": 1,
      "n_predicted_positive": 5,
      "auroc": 1.0,
      "threshold": 0.5800000000000002
    }
  },
  "23": {
    "0": {
      "sensitivity": 1.0,
      "specificity": 0.15384615384615385,
      "f1": 0.35294117647058826,
      "precision": 0.21428571428571427,
      "n_samples": 32,
      "n_positive": 6,
      "n_predicted_positive": 28,
      "auroc": 0.4487179487179487,
      "threshold": 0.5800000000000002
    },
    "5": {
      "sensitivity": 1.0,
      "specificity": 0.0,
      "f1": 0.25,
      "precision": 0.14285714285714285,
      "n_samples": 28,
      "n_positive": 4,
      "n_predicted_positive": 28,
      "auroc": 0.6666666666666666,
      "threshold": 0.05
    },
    "10": {
      "sensitivity": 1.0,
      "specificity": 0.9523809523809523,
      "f1": 0.6666666666666666,
      "precision": 0.5,
      "n_samples": 22,
      "n_positive": 1,
      "n_predicted_positive": 2,
      "auroc": 1.0,
      "threshold": 0.6300000000000001
    }
  },
  "24": {
    "0": {
      "sensitivity": 0.6666666666666666,
      "specificity": 1.0,
      "f1": 0.8,
      "precision": 1.0,
      "n_samples": 32,
      "n_positive": 6,
      "n_predicted_positive": 4,
      "auroc": 0.9615384615384616,
      "threshold": 0.7400000000000002
    },
    "5": {
      "sensitivity": 1.0,
      "specificity": 0.0,
      "f1": 0.25,
      "precision": 0.14285714285714285,
      "n_samples": 28,
      "n_positive": 4,
      "n_predicted_positive": 28,
      "auroc": 0.8541666666666666,
      "threshold": 0.5500000000000002
    },
    "10": {
      "sensitivity": 1.0,
      "specificity": 0.2857142857142857,
      "f1": 0.11764705882352941,
      "precision": 0.0625,
      "n_samples": 22,
      "n_positive": 1,
      "n_predicted_positive": 16,
      "auroc": 1.0,
      "threshold": 0.5700000000000002
    }
  },
  "25": {
    "0": {
      "sensitivity": 1.0,
      "specificity": 1.0,
      "f1": 1.0,
      "precision": 1.0,
      "n_samples": 32,
      "n_positive": 6,
      "n_predicted_positive": 6,
      "auroc": 1.0,
      "threshold": 0.7200000000000002
    },
    "5": {
      "sensitivity": 1.0,
      "specificity": 0.5,
      "f1": 0.4,
      "precision": 0.25,
      "n_samples": 28,
      "n_positive": 4,
      "n_predicted_positive": 16,
      "auroc": 0.8854166666666666,
      "threshold": 0.6700000000000002
    },
    "10": {
      "sensitivity": 1.0,
      "specificity": 0.42857142857142855,
      "f1": 0.14285714285714285,
      "precision": 0.07692307692307693,
      "n_samples": 22,
      "n_positive": 1,
      "n_predicted_positive": 13,
      "auroc": 1.0,
      "threshold": 0.5000000000000001
    }
  },
  "26": {
    "0": {
      "sensitivity": 1.0,
      "specificity": 1.0,
      "f1": 1.0,
      "precision": 1.0,
      "n_samples": 32,
      "n_positive": 6,
      "n_predicted_positive": 6,
      "auroc": 1.0,
      "threshold": 0.7600000000000002
    },
    "5": {
      "sensitivity": 1.0,
      "specificity": 0.6666666666666666,
      "f1": 0.5,
      "precision": 0.3333333333333333,
      "n_samples": 28,
      "n_positive": 4,
      "n_predicted_positive": 12,
      "auroc": 1.0,
      "threshold": 0.6300000000000001
    },
    "10": {
      "sensitivity": 1.0,
      "specificity": 0.8571428571428571,
      "f1": 0.4,
      "precision": 0.25,
      "n_samples": 22,
      "n_positive": 1,
      "n_predicted_positive": 4,
      "auroc": 1.0,
      "threshold": 0.5300000000000001
    }
  },
  "27": {
    "0": {
      "sensitivity": 0.6666666666666666,
      "specificity": 0.9230769230769231,
      "f1": 0.6666666666666666,
      "precision": 0.6666666666666666,
      "n_samples": 32,
      "n_positive": 6,
      "n_predicted_positive": 6,
      "auroc": 0.8653846153846154,
      "threshold": 0.7600000000000002
    },
    "5": {
      "sensitivity": 1.0,
      "specificity": 0.375,
      "f1": 0.34782608695652173,
      "precision": 0.21052631578947367,
      "n_samples": 28,
      "n_positive": 4,
      "n_predicted_positive": 19,
      "auroc": 0.9166666666666666,
      "threshold": 0.6400000000000001
    },
    "10": {
      "sensitivity": 1.0,
      "specificity": 0.7619047619047619,
      "f1": 0.2857142857142857,
      "precision": 0.16666666666666666,
      "n_samples": 22,
      "n_positive": 1,
      "n_predicted_positive": 6,
      "auroc": 0.9523809523809523,
      "threshold": 0.5200000000000001
    }
  },
  "28": {
    "0": {
      "sensitivity": 1.0,
      "specificity": 0.38461538461538464,
      "f1": 0.42857142857142855,
      "precision": 0.2727272727272727,
      "n_samples": 32,
      "n_positive": 6,
      "n_predicted_positive": 22,
      "auroc": 0.6025641025641025,
      "threshold": 0.5800000000000002
    },
    "5": {
      "sensitivity": 1.0,
      "specificity": 0.0,
      "f1": 0.25,
      "precision": 0.14285714285714285,
      "n_samples": 28,
      "n_positive": 4,
      "n_predicted_positive": 28,
      "auroc": 0.5625,
      "threshold": 0.05
    },
    "10": {
      "sensitivity": 1.0,
      "specificity": 0.42857142857142855,
      "f1": 0.14285714285714285,
      "precision": 0.07692307692307693,
      "n_samples": 22,
      "n_positive": 1,
      "n_predicted_positive": 13,
      "auroc": 0.9523809523809523,
      "threshold": 0.5100000000000001
    }
  }
}