{
  "21": {
    "0": {
      "sensitivity": 1.0,
      "specificity": 0.8461538461538461,
      "f1": 0.75,
      "precision": 0.6,
      "n_samples": 32,
      "n_positive": 6,
      "n_predicted_positive": 10,
      "auroc": 0.9487179487179487,
      "threshold": 0.9400000000000002
    },
    "5": {
      "sensitivity": 1.0,
      "specificity": 0.75,
      "f1": 0.5714285714285714,
      "precision": 0.4,
      "n_samples": 28,
      "n_positive": 4,
      "n_predicted_positive": 10,
      "auroc": 0.9375,
      "threshold": 0.9200000000000003
    },
    "10": {
      "sensitivity": 1.0,
      "specificity": 0.7142857142857143,
      "f1": 0.25,
      "precision": 0.14285714285714285,
      "n_samples": 22,
      "n_positive": 1,
      "n_predicted_positive": 7,
      "auroc": 0.9047619047619048,
      "threshold": 0.9200000000000003
    }
  },
  "22": {
    "0": {
      "sensitivity": 1.0,
      "specificity": 0.9615384615384616,
      "f1": 0.9230769230769231,
      "precision": 0.8571428571428571,
      "n_samples": 32,
      "n_positive": 6,
      "n_predicted_positive": 7,
      "auroc": 1.0,
      "threshold": 0.7300000000000002
    },
    "5": {
      "sensitivity": 1.0,
      "specificity": 0.875,
      "f1": 0.7272727272727273,
      "precision": 0.5714285714285714,
      "n_samples": 28,
      "n_positive": 4,
      "n_predicted_positive": 7,
      "auroc": 1.0,
      "threshold": 0.6100000000000001
    },
    "10": {
      "sensitivity": 1.0,
      "specificity": 0.9523809523809523,
      "f1": 0.6666666666666666,
      "precision": 0.5,
      "n_samples": 22,
      "n_positive": 1,
      "n_predicted_positive": 2,
      "auroc": 1.0,
      "threshold": 0.7300000000000002
    }
  },
  "23": {
    "0": {
      "sensitivity": 0.8333333333333334,
      "specificity": 0.46153846153846156,
      "f1": 0.4,
      "precision": 0.2631578947368421,
      "n_samples": 32,
      "n_positive": 6,
      "n_predicted_positive": 19,
      "auroc": 0.5448717948717949,
      "threshold": 0.6700000000000002
    },
    "5": {
      "sensitivity": 0.75,
      "specificity": 0.375,
      "f1": 0.2727272727272727,
      "precision": 0.16666666666666666,
      "n_samples": 28,
      "n_positive": 4,
      "n_predicted_positive": 18,
      "auroc": 0.5625,
      "threshold": 0.6200000000000001
    },
    "10": {
      "sensitivity": 1.0,
      "specificity": 0.0,
      "f1": 0.08695652173913043,
      "precision": 0.045454545454545456,
      "n_samples": 22,
      "n_positive": 1,
      "n_predicted_positive": 22,
      "auroc": 0.8095238095238095,
      "threshold": 0.05
    }
  },
  "24": {
    "0": {
      "sensitivity": 0.8333333333333334,
      "specificity": 1.0,
      "f1": 0.9090909090909091,
      "precision": 1.0,
      "n_samples": 32,
      "n_positive": 6,
      "n_predicted_positive": 5,
      "auroc": 0.9871794871794872,
      "threshold": 0.9400000000000002
    },
    "5": {
      "sensitivity": 1.0,
      "specificity": 0.625,
      "f1": 0.47058823529411764,
      "precision": 0.3076923076923077,
      "n_samples": 28,
      "n_positive": 4,
      "n_predicted_positive": 13,
      "auroc": 1.0,
      "threshold": 0.6300000000000001
    },
    "10": {
      "sensitivity": 1.0,
      "specificity": 1.0,
      "f1": 1.0,
      "precision": 1.0,
      "n_samples": 22,
      "n_positive": 1,
      "n_predicted_positive": 1,
      "auroc": 1.0,
      "threshold": 0.9400000000000002
    }
  },
  "25": {
    "0": {
      "sensitivity": 1.0,
      "specificity": 1.0,
      "f1": 1.0,
      "precision": 1.0,
      "n_samples": 32,
      "n_positive": 6,
      "n_predicted_positive": 6,
      "auroc": 1.0,
      "threshold": 0.8200000000000002
    },
    "5": {
      "sensitivity": 1.0,
      "specificity": 1.0,
      "f1": 1.0,
      "precision": 1.0,
      "n_samples": 28,
      "n_positive": 4,
      "n_predicted_positive": 4,
      "auroc": 1.0,
      "threshold": 0.8200000000000002
    },
    "10": {
      "sensitivity": 1.0,
      "specificity": 1.0,
      "f1": 1.0,
      "precision": 1.0,
      "n_samples": 22,
      "n_positive": 1,
      "n_predicted_positive": 1,
      "auroc": 1.0,
      "threshold": 0.8200000000000002
    }
  },
  "26": {
    "0": {
      "sensitivity": 1.0,
      "specificity": 0.9230769230769231,
      "f1": 0.8571428571428571,
      "precision": 0.75,
      "n_samples": 32,
      "n_positive": 6,
      "n_predicted_positive": 8,
      "auroc": 0.9551282051282052,
      "threshold": 0.8800000000000002
    },
    "5": {
      "sensitivity": 1.0,
      "specificity": 0.9166666666666666,
      "f1": 0.8,
      "precision": 0.6666666666666666,
      "n_samples": 28,
      "n_positive": 4,
      "n_predicted_positive": 6,
      "auroc": 0.96875,
      "threshold": 0.8800000000000002
    },
    "10": {
      "sensitivity": 1.0,
      "specificity": 0.9047619047619048,
      "f1": 0.5,
      "precision": 0.3333333333333333,
      "n_samples": 22,
      "n_positive": 1,
      "n_predicted_positive": 3,
      "auroc": 1.0,
      "threshold": 0.8800000000000002
    }
  },
  "27": {
    "0": {
      "sensitivity": 1.0,
      "specificity": 0.2692307692307692,
      "f1": 0.3870967741935484,
      "precision": 0.24,
      "n_samples": 32,
      "n_positive": 6,
      "n_predicted_positive": 25,
      "auroc": 0.4487179487179487,
      "threshold": 0.24000000000000005
    },
    "5": {
      "sensitivity": 0.0,
      "specificity": 0.5833333333333334,
      "f1": 0.0,
      "precision": 0.0,
      "n_samples": 28,
      "n_positive": 4,
      "n_predicted_positive": 10,
      "auroc": 0.38541666666666663,
      "threshold": 0.7800000000000001
    },
    "10": {
      "sensitivity": 1.0,
      "specificity": 0.047619047619047616,
      "f1": 0.09090909090909091,
      "precision": 0.047619047619047616,
      "n_samples": 22,
      "n_positive": 1,
      "n_predicted_positive": 21,
      "auroc": 0.33333333333333337,
      "threshold": 0.05
    }
  },
  "28": {
    "0": {
      "sensitivity": 0.8333333333333334,
      "specificity": 0.7307692307692307,
      "f1": 0.5555555555555556,
      "precision": 0.4166666666666667,
      "n_samples": 32,
      "n_positive": 6,
      "n_predicted_positive": 12,
      "auroc": 0.8141025641025641,
      "threshold": 0.7800000000000001
    },
    "5": {
      "sensitivity": 1.0,
      "specificity": 0.0,
      "f1": 0.25,
      "precision": 0.14285714285714285,
      "n_samples": 28,
      "n_positive": 4,
      "n_predicted_positive": 28,
      "auroc": 0.8020833333333333,
      "threshold": 0.05
    },
    "10": {
      "sensitivity": 0.0,
      "specificity": 0.7619047619047619,
      "f1": 0.0,
      "precision": 0.0,
      "n_samples": 22,
      "n_positive": 1,
      "n_predicted_positive": 5,
      "auroc": 0.5714285714285714,
      "threshold": 0.7800000000000001
    }
  }
}