{
  "21": {
    "0": {
      "sensitivity": 1.0,
      "specificity": 0.8076923076923077,
      "f1": 0.7058823529411765,
      "precision": 0.5454545454545454,
      "n_samples": 32,
      "n_positive": 6,
      "n_predicted_positive": 11,
      "auroc": 0.9102564102564102,
      "threshold": 0.5500000000000002
    },
    "5": {
      "sensitivity": 1.0,
      "specificity": 0.8095238095238095,
      "f1": 0.75,
      "precision": 0.6,
      "n_samples": 27,
      "n_positive": 6,
      "n_predicted_positive": 10,
      "auroc": 0.8968253968253969,
      "threshold": 0.5800000000000002
    },
    "10": {
      "sensitivity": 1.0,
      "specificity": 0.75,
      "f1": 0.75,
      "precision": 0.6,
      "n_samples": 22,
      "n_positive": 6,
      "n_predicted_positive": 10,
      "auroc": 0.8854166666666666,
      "threshold": 0.4800000000000001
    },
    "20": {
      "sensitivity": 1.0,
      "specificity": 1.0,
      "f1": 1.0,
      "precision": 1.0,
      "n_samples": 12,
      "n_positive": 6,
      "n_predicted_positive": 6,
      "auroc": 1.0,
      "threshold": 0.38000000000000006
    }
  },
  "22": {
    "0": {
      "sensitivity": 1.0,
      "specificity": 0.38461538461538464,
      "f1": 0.42857142857142855,
      "precision": 0.2727272727272727,
      "n_samples": 32,
      "n_positive": 6,
      "n_predicted_positive": 22,
      "auroc": 0.5512820512820513,
      "threshold": 0.25000000000000006
    },
    "5": {
      "sensitivity": 1.0,
      "specificity": 0.42857142857142855,
      "f1": 0.5,
      "precision": 0.3333333333333333,
      "n_samples": 27,
      "n_positive": 6,
      "n_predicted_positive": 18,
      "auroc": 0.5317460317460317,
      "threshold": 0.23000000000000004
    },
    "10": {
      "sensitivity": 1.0,
      "specificity": 0.375,
      "f1": 0.5454545454545454,
      "precision": 0.375,
      "n_samples": 22,
      "n_positive": 6,
      "n_predicted_positive": 16,
      "auroc": 0.4895833333333333,
      "threshold": 0.16000000000000003
    },
    "20": {
      "sensitivity": 1.0,
      "specificity": 0.5,
      "f1": 0.8,
      "precision": 0.6666666666666666,
      "n_samples": 12,
      "n_positive": 6,
      "n_predicted_positive": 9,
      "auroc": 0.6944444444444445,
      "threshold": 0.22000000000000003
    }
  },
  "23": {
    "0": {
      "sensitivity": 1.0,
      "specificity": 0.6153846153846154,
      "f1": 0.5454545454545454,
      "precision": 0.375,
      "n_samples": 32,
      "n_positive": 6,
      "n_predicted_positive": 16,
      "auroc": 0.7692307692307693,
      "threshold": 0.31000000000000005
    },
    "5": {
      "sensitivity": 1.0,
      "specificity": 0.5714285714285714,
      "f1": 0.5714285714285714,
      "precision": 0.4,
      "n_samples": 27,
      "n_positive": 6,
      "n_predicted_positive": 15,
      "auroc": 0.7063492063492063,
      "threshold": 0.28
    },
    "10": {
      "sensitivity": 1.0,
      "specificity": 0.625,
      "f1": 0.6666666666666666,
      "precision": 0.5,
      "n_samples": 22,
      "n_positive": 6,
      "n_predicted_positive": 12,
      "auroc": 0.78125,
      "threshold": 0.32000000000000006
    },
    "20": {
      "sensitivity": 1.0,
      "specificity": 0.8333333333333334,
      "f1": 0.9230769230769231,
      "precision": 0.8571428571428571,
      "n_samples": 12,
      "n_positive": 6,
      "n_predicted_positive": 7,
      "auroc": 0.8333333333333334,
      "threshold": 0.29000000000000004
    }
  },
  "24": {
    "0": {
      "sensitivity": 0.6666666666666666,
      "specificity": 0.6538461538461539,
      "f1": 0.42105263157894735,
      "precision": 0.3076923076923077,
      "n_samples": 32,
      "n_positive": 6,
      "n_predicted_positive": 13,
      "auroc": 0.608974358974359,
      "threshold": 0.39000000000000007
    },
    "5": {
      "sensitivity": 0.6666666666666666,
      "specificity": 0.7142857142857143,
      "f1": 0.5,
      "precision": 0.4,
      "n_samples": 27,
      "n_positive": 6,
      "n_predicted_positive": 10,
      "auroc": 0.6428571428571429,
      "threshold": 0.5500000000000002
    },
    "10": {
      "sensitivity": 0.8333333333333334,
      "specificity": 0.5625,
      "f1": 0.5555555555555556,
      "precision": 0.4166666666666667,
      "n_samples": 22,
      "n_positive": 6,
      "n_predicted_positive": 12,
      "auroc": 0.7083333333333334,
      "threshold": 0.4700000000000001
    },
    "20": {
      "sensitivity": 1.0,
      "specificity": 0.5,
      "f1": 0.8,
      "precision": 0.6666666666666666,
      "n_samples": 12,
      "n_positive": 6,
      "n_predicted_positive": 9,
      "auroc": 0.7777777777777779,
      "threshold": 0.33
    }
  },
  "25": {
    "0": {
      "sensitivity": 1.0,
      "specificity": 0.6923076923076923,
      "f1": 0.6,
      "precision": 0.42857142857142855,
      "n_samples": 32,
      "n_positive": 6,
      "n_predicted_positive": 14,
      "auroc": 0.8012820512820513,
      "threshold": 0.35000000000000003
    },
    "5": {
      "sensitivity": 1.0,
      "specificity": 0.5714285714285714,
      "f1": 0.5714285714285714,
      "precision": 0.4,
      "n_samples": 27,
      "n_positive": 6,
      "n_predicted_positive": 15,
      "auroc": 0.7301587301587301,
      "threshold": 0.29000000000000004
    },
    "10": {
      "sensitivity": 1.0,
      "specificity": 0.5625,
      "f1": 0.631578947368421,
      "precision": 0.46153846153846156,
      "n_samples": 22,
      "n_positive": 6,
      "n_predicted_positive": 13,
      "auroc": 0.7708333333333333,
      "threshold": 0.33
    },
    "20": {
      "sensitivity": 1.0,
      "specificity": 0.6666666666666666,
      "f1": 0.8571428571428571,
      "precision": 0.75,
      "n_samples": 12,
      "n_positive": 6,
      "n_predicted_positive": 8,
      "auroc": 0.888888888888889,
      "threshold": 0.34
    }
  },
  "26": {
    "0": {
      "sensitivity": 1.0,
      "specificity": 0.9230769230769231,
      "f1": 0.8571428571428571,
      "precision": 0.75,
      "n_samples": 32,
      "n_positive": 6,
      "n_predicted_positive": 8,
      "auroc": 0.9487179487179488,
      "threshold": 0.6600000000000001
    },
    "5": {
      "sensitivity": 1.0,
      "specificity": 0.9047619047619048,
      "f1": 0.8571428571428571,
      "precision": 0.75,
      "n_samples": 27,
      "n_positive": 6,
      "n_predicted_positive": 8,
      "auroc": 0.9047619047619048,
      "threshold": 0.6300000000000001
    },
    "10": {
      "sensitivity": 1.0,
      "specificity": 0.9375,
      "f1": 0.9230769230769231,
      "precision": 0.8571428571428571,
      "n_samples": 22,
      "n_positive": 6,
      "n_predicted_positive": 7,
      "auroc": 0.9375,
      "threshold": 0.5700000000000002
    },
    "20": {
      "sensitivity": 1.0,
      "specificity": 1.0,
      "f1": 1.0,
      "precision": 1.0,
      "n_samples": 12,
      "n_positive": 6,
      "n_predicted_positive": 6,
      "auroc": 1.0,
      "threshold": 0.4000000000000001
    }
  },
  "27": {
    "0": {
      "sensitivity": 0.6666666666666666,
      "specificity": 0.34615384615384615,
      "f1": 0.2962962962962963,
      "precision": 0.19047619047619047,
      "n_samples": 32,
      "n_positive": 6,
      "n_predicted_positive": 21,
      "auroc": 0.33974358974358976,
      "threshold": 0.09000000000000001
    },
    "5": {
      "sensitivity": 0.6666666666666666,
      "specificity": 0.14285714285714285,
      "f1": 0.2857142857142857,
      "precision": 0.18181818181818182,
      "n_samples": 27,
      "n_positive": 6,
      "n_predicted_positive": 22,
      "auroc": 0.20634920634920634,
      "threshold": 0.09000000000000001
    },
    "10": {
      "sensitivity": 1.0,
      "specificity": 0.1875,
      "f1": 0.48,
      "precision": 0.3157894736842105,
      "n_samples": 22,
      "n_positive": 6,
      "n_predicted_positive": 19,
      "auroc": 0.39583333333333337,
      "threshold": 0.060000000000000005
    },
    "20": {
      "sensitivity": 1.0,